{"n_estimators": 100, "max_depth": 20, "random_state": 42, "classes": [-1, 0, 1], "feature_importances": [0.023492360231811515, 0.013135965542684277, 0.025119480118668887, 0.023198287262265194, 0.027542260954146455, 0.019215111240391557, 0.004488897455047407, 0.024692064057989342, 0.021401179031048122, 0.03541192884329464, 0.020063272134253855, 0.043130393465123325, 0.02348538862854339, 0.02675934183791143, 0.03054972523368414, 0.02290843569894294, 0.014158474386405067, 0.03165486540032603, 0.030589315027652025, 0.022589175839780536, 0.032155735093729175, 0.020561565813238463, 0.023772478154233105, 0.014409720500443196, 0.024785252194148136, 0.02513897333714068, 0.02723219613116655, 0.01972240361435053, 0.0062821713232867555, 0.024890563517751308, 0.021216533313467085, 0.009482535384269061, 0.019508212015043096, 0.02615339606389627, 0.02573386313152212, 0.023602089241715488, 0.02784390730169742, 0.02191215732884898, 0.015366354431867435, 0.026046536965533763, 0.026247171786301798, 0.025765712106946923, 0.01070044695224596, 0.017884101907186756]}